-- --------------------------------------------------------
-- Host:                         127.0.0.1
-- Server version:               8.0.30 - MySQL Community Server - GPL
-- Server OS:                    Win64
-- HeidiSQL Version:             12.1.0.6537
-- --------------------------------------------------------

/*!40101 SET @OLD_CHARACTER_SET_CLIENT=@@CHARACTER_SET_CLIENT */;
/*!40101 SET NAMES utf8 */;
/*!50503 SET NAMES utf8mb4 */;
/*!40103 SET @OLD_TIME_ZONE=@@TIME_ZONE */;
/*!40103 SET TIME_ZONE='+00:00' */;
/*!40014 SET @OLD_FOREIGN_KEY_CHECKS=@@FOREIGN_KEY_CHECKS, FOREIGN_KEY_CHECKS=0 */;
/*!40101 SET @OLD_SQL_MODE=@@SQL_MODE, SQL_MODE='NO_AUTO_VALUE_ON_ZERO' */;
/*!40111 SET @OLD_SQL_NOTES=@@SQL_NOTES, SQL_NOTES=0 */;

-- Dumping structure for table amadeus.aircraft
CREATE TABLE IF NOT EXISTS `aircraft` (
  `id` int NOT NULL AUTO_INCREMENT,
  `iata` varchar(3) NOT NULL,
  `icao` varchar(4) NOT NULL,
  `model` varchar(100) NOT NULL,
  `seats_f` int NOT NULL DEFAULT '0',
  `seats_c` int NOT NULL DEFAULT '0',
  `seats_y` int NOT NULL DEFAULT '0',
  `rows` int DEFAULT NULL,
  `columns` int DEFAULT NULL,
  PRIMARY KEY (`id`)
) ENGINE=InnoDB AUTO_INCREMENT=11 DEFAULT CHARSET=utf8mb4 COLLATE=utf8mb4_0900_ai_ci;

-- Dumping data for table amadeus.aircraft: ~7 rows (approximately)
INSERT INTO `aircraft` (`id`, `iata`, `icao`, `model`, `seats_f`, `seats_c`, `seats_y`, `rows`, `columns`) VALUES
	(1, '320', 'A320', 'Airbus A320-200', 10, 20, 80, 19, 6),
	(2, '737', 'B737', 'Boeing 737-800', 10, 20, 80, 19, 6),
	(3, '388', 'A388', 'Airbus A380-800', 0, 0, 0, NULL, NULL),
	(4, '789', 'B789', 'Boeing 787-9', 0, 0, 0, NULL, NULL),
	(5, '321', 'A321', 'Airbus A321neo', 0, 0, 0, NULL, NULL),
	(6, '773', 'B773', 'Boeing 777-300', 0, 0, 0, NULL, NULL),
	(7, '330', 'A330', 'Airbus A330-300', 0, 0, 0, NULL, NULL),
	(8, '346', 'A346', 'Airbus A340-600', 0, 0, 0, NULL, NULL),
	(9, '76W', 'B76W', 'Boeing 767-300ER', 0, 0, 0, NULL, NULL),
	(10, '321', 'A21X', 'Airbus A321-200 (alt)', 0, 0, 0, NULL, NULL);

-- Dumping structure for table amadeus.airlines
CREATE TABLE IF NOT EXISTS `airlines` (
  `id` int NOT NULL AUTO_INCREMENT,
  `iata` varchar(3) NOT NULL,
  `icao` varchar(4) NOT NULL,
  `airline` varchar(100) NOT NULL,
  `callsign` varchar(100) NOT NULL,
  `country` varchar(100) NOT NULL,
  `comments` varchar(100) NOT NULL,
  PRIMARY KEY (`id`)
) ENGINE=InnoDB AUTO_INCREMENT=11 DEFAULT CHARSET=utf8mb4 COLLATE=utf8mb4_0900_ai_ci;

-- Dumping data for table amadeus.airlines: ~10 rows (approximately)
INSERT INTO `airlines` (`id`, `iata`, `icao`, `airline`, `callsign`, `country`, `comments`) VALUES
	(1, 'AAL', 'AAL1', 'American Airlines', 'AMERICAN', 'United States', 'Flag carrier mock'),
	(2, 'DAL', 'DAL1', 'Delta Air Lines', 'DELTA', 'United States', 'Major US carrier'),
	(3, 'UAL', 'UAL1', 'United Airlines', 'UNITED', 'United States', 'Major US carrier'),
	(4, 'BAW', 'BAW1', 'British Airways', 'SPEEDBIRD', 'United Kingdom', 'Flag carrier UK'),
	(5, 'AFR', 'AFR1', 'Air France', 'AIRFRANS', 'France', 'Flag carrier France'),
	(6, 'KLM', 'KLM1', 'KLM Royal Dutch', 'KLM', 'Netherlands', 'Flag carrier NL'),
	(7, 'QFA', 'QFA1', 'Qantas', 'QANTAS', 'Australia', 'Flag carrier Australia'),
	(8, 'ANA', 'ANA1', 'All Nippon Airways', 'ALLNIPPON', 'Japan', 'Major JP carrier'),
	(9, 'JAL', 'JAL1', 'Japan Airlines', 'JAPANAIR', 'Japan', 'Major JP carrier'),
	(10, 'SIA', 'SIA1', 'Singapore Airlines', 'SINGAPORE', 'Singapore', 'Flag carrier SG');

-- Dumping structure for table amadeus.airline_users
CREATE TABLE IF NOT EXISTS `airline_users` (
  `id` int NOT NULL AUTO_INCREMENT,
  `airline_id` int NOT NULL,
  `username` varchar(50) NOT NULL,
  `password` varchar(250) NOT NULL,
  `role` varchar(50) NOT NULL,
  PRIMARY KEY (`id`),
  KEY `FK_airline` (`airline_id`),
  CONSTRAINT `FK_airline` FOREIGN KEY (`airline_id`) REFERENCES `airlines` (`id`) ON DELETE CASCADE
) ENGINE=InnoDB AUTO_INCREMENT=13 DEFAULT CHARSET=utf8mb4 COLLATE=utf8mb4_0900_ai_ci;

-- Dumping data for table amadeus.airline_users: ~12 rows (approximately)
INSERT INTO `airline_users` (`id`, `airline_id`, `username`, `password`, `role`) VALUES
	(1, 1, 'aadmin_aal', '$2y$10$mockhash1', 'staff'),
	(2, 2, 'aadmin_dal', '$2y$10$mockhash2', 'staff'),
	(3, 3, 'aadmin_ual', '$2y$10$mockhash3', 'staff'),
	(4, 4, 'aadmin_baw', '$2y$10$mockhash4', 'staff'),
	(5, 5, 'aadmin_afr', '$2y$10$mockhash5', 'staff'),
	(6, 6, 'aadmin_klm', '$2y$10$mockhash6', 'staff'),
	(7, 7, 'aadmin_qfa', '$2y$10$mockhash7', 'staff'),
	(8, 8, 'aadmin_ana', '$2y$10$mockhash8', 'staff'),
	(9, 9, 'aadmin_jal', '$2y$10$mockhash9', 'staff'),
	(10, 10, 'aadmin_sia', '$2y$10$mockhash10', 'staff'),
	(11, 1, 'staff', '$2y$10$HKkQO5BW1M3m3G/jjjE5HuO6Ibzoy4d7VwDLi.7/aR8N.5FwR7yyS', 'staff'),
	(12, 1, 'american_staff', '$2y$10$Y4x8wIV4SeffUQqzhGLIZuD1GvsRQ31QjN.8RNVO.SCFX5dJLebqO', 'staff');

-- Dumping structure for table amadeus.airports
CREATE TABLE IF NOT EXISTS `airports` (
  `id` int NOT NULL AUTO_INCREMENT,
  `iata` varchar(3) NOT NULL,
  `icao` varchar(4) NOT NULL,
  `airport_name` varchar(100) NOT NULL,
  `location_served` varchar(100) NOT NULL,
  `time` varchar(100) NOT NULL,
  `dst` varchar(10) NOT NULL,
  PRIMARY KEY (`id`)
) ENGINE=InnoDB AUTO_INCREMENT=11 DEFAULT CHARSET=utf8mb4 COLLATE=utf8mb4_0900_ai_ci;

-- Dumping data for table amadeus.airports: ~10 rows (approximately)
INSERT INTO `airports` (`id`, `iata`, `icao`, `airport_name`, `location_served`, `time`, `dst`) VALUES
	(1, 'LAX', 'KLAX', 'Los Angeles International Airport', 'Los Angeles, CA, USA', 'America/Los_Angeles', 'Y'),
	(2, 'JFK', 'KJFK', 'John F. Kennedy International Airport', 'New York, NY, USA', 'America/New_York', 'Y'),
	(3, 'ORD', 'KORD', 'O\'Hare International Airport', 'Chicago, IL, USA', 'America/Chicago', 'Y'),
	(4, 'SFO', 'KSFO', 'San Francisco International Airport', 'San Francisco, CA, USA', 'America/Los_Angeles', 'Y'),
	(5, 'LHR', 'EGLL', 'Heathrow Airport', 'London, United Kingdom', 'Europe/London', 'Y'),
	(6, 'CDG', 'LFPG', 'Charles de Gaulle Airport', 'Paris, France', 'Europe/Paris', 'Y'),
	(7, 'NRT', 'RJAA', 'Narita International Airport', 'Tokyo, Japan', 'Asia/Tokyo', 'N'),
	(8, 'SIN', 'WSSS', 'Changi Airport', 'Singapore', 'Asia/Singapore', 'N'),
	(9, 'SYD', 'YSSY', 'Sydney Kingsford Smith Airport', 'Sydney, Australia', 'Australia/Sydney', 'N'),
	(10, 'DXB', 'OMDB', 'Dubai International Airport', 'Dubai, UAE', 'Asia/Dubai', 'N');

-- Dumping structure for table amadeus.flight_routes
CREATE TABLE IF NOT EXISTS `flight_routes` (
  `id` int NOT NULL AUTO_INCREMENT,
  `airline_id` int NOT NULL,
  `origin_airport_id` int NOT NULL,
  `destination_airport_id` int NOT NULL,
  `round_trip` tinyint NOT NULL DEFAULT '1',
  `aircraft_id` int NOT NULL,
  PRIMARY KEY (`id`),
  KEY `FK_flight_routes_airline` (`airline_id`),
  KEY `FK_flight_routes_origin` (`origin_airport_id`),
  KEY `FK_flight_routes_dest` (`destination_airport_id`),
  KEY `FK_flight_routes_aircraft` (`aircraft_id`),
  CONSTRAINT `FK_flight_routes_aircraft` FOREIGN KEY (`aircraft_id`) REFERENCES `aircraft` (`id`) ON DELETE CASCADE,
  CONSTRAINT `FK_flight_routes_airline` FOREIGN KEY (`airline_id`) REFERENCES `airlines` (`id`) ON DELETE CASCADE,
  CONSTRAINT `FK_flight_routes_dest` FOREIGN KEY (`destination_airport_id`) REFERENCES `airports` (`id`) ON DELETE CASCADE,
  CONSTRAINT `FK_flight_routes_origin` FOREIGN KEY (`origin_airport_id`) REFERENCES `airports` (`id`) ON DELETE CASCADE
) ENGINE=InnoDB AUTO_INCREMENT=21 DEFAULT CHARSET=utf8mb4 COLLATE=utf8mb4_0900_ai_ci;

-- Dumping data for table amadeus.flight_routes: ~20 rows (approximately)
INSERT INTO `flight_routes` (`id`, `airline_id`, `origin_airport_id`, `destination_airport_id`, `round_trip`, `aircraft_id`) VALUES
	(1, 1, 1, 2, 1, 1),
	(2, 1, 1, 3, 1, 2),
	(3, 2, 2, 4, 1, 1),
	(4, 2, 2, 5, 1, 2),
	(5, 3, 3, 1, 1, 3),
	(6, 3, 3, 4, 1, 4),
	(7, 4, 5, 6, 1, 5),
	(8, 4, 5, 10, 1, 6),
	(9, 5, 6, 5, 1, 7),
	(10, 5, 6, 7, 1, 8),
	(11, 6, 6, 6, 1, 9),
	(12, 6, 6, 8, 1, 10),
	(13, 7, 9, 8, 1, 3),
	(14, 7, 9, 1, 1, 4),
	(15, 8, 7, 8, 1, 5),
	(16, 8, 7, 1, 1, 6),
	(17, 9, 7, 9, 1, 7),
	(18, 9, 7, 10, 1, 8),
	(19, 10, 8, 7, 1, 9),
	(20, 10, 8, 5, 1, 10);

-- Dumping structure for table amadeus.flight_schedules
CREATE TABLE IF NOT EXISTS `flight_schedules` (
  `id` int NOT NULL AUTO_INCREMENT,
  `airline_user_id` int NOT NULL,
  `flight_route_id` int NOT NULL,
  `aircraft_id` int DEFAULT NULL,
  `date_departure` varchar(50) NOT NULL,
  `time_departure` varchar(50) NOT NULL,
  `date_arrival` varchar(50) NOT NULL,
  `time_arrival` varchar(50) NOT NULL,
  `status` varchar(50) NOT NULL,
  `price_f` decimal(10,2) NOT NULL DEFAULT '0.00',
  `price_c` decimal(10,2) NOT NULL DEFAULT '0.00',
  `price_y` decimal(10,2) NOT NULL DEFAULT '0.00',
  PRIMARY KEY (`id`),
  KEY `FK_flight_schedules_user` (`airline_user_id`),
  KEY `FK_flight_schedules_route` (`flight_route_id`),
  KEY `FK_flight_schedules_aircraft` (`aircraft_id`),
  CONSTRAINT `FK_flight_schedules_aircraft` FOREIGN KEY (`aircraft_id`) REFERENCES `aircraft` (`id`),
  CONSTRAINT `FK_flight_schedules_route` FOREIGN KEY (`flight_route_id`) REFERENCES `flight_routes` (`id`) ON DELETE CASCADE,
  CONSTRAINT `FK_flight_schedules_user` FOREIGN KEY (`airline_user_id`) REFERENCES `airline_users` (`id`) ON DELETE CASCADE
) ENGINE=InnoDB AUTO_INCREMENT=41 DEFAULT CHARSET=utf8mb4 COLLATE=utf8mb4_0900_ai_ci;

-- Dumping data for table amadeus.flight_schedules: ~0 rows (approximately)
INSERT INTO `flight_schedules` (`id`, `airline_user_id`, `flight_route_id`, `aircraft_id`, `date_departure`, `time_departure`, `date_arrival`, `time_arrival`, `status`, `price_f`, `price_c`, `price_y`) VALUES
	(1, 1, 1, 1, '2025-10-01', '08:00', '2025-10-01', '16:00', 'scheduled', 1200.00, 800.00, 300.00),
	(2, 1, 1, 1, '2025-10-02', '20:00', '2025-10-03', '04:00', 'scheduled', 1250.00, 820.00, 320.00),
	(3, 1, 2, 2, '2025-10-03', '09:00', '2025-10-03', '15:00', 'scheduled', 900.00, 600.00, 220.00),
	(4, 1, 2, 2, '2025-10-04', '21:00', '2025-10-05', '03:00', 'scheduled', 920.00, 610.00, 230.00),
	(5, 2, 3, 1, '2025-10-05', '07:00', '2025-10-05', '13:30', 'scheduled', 1100.00, 750.00, 280.00),
	(6, 2, 3, 1, '2025-10-06', '18:30', '2025-10-07', '01:00', 'scheduled', 1120.00, 760.00, 290.00),
	(7, 2, 4, 2, '2025-10-07', '19:00', '2025-10-08', '07:00', 'scheduled', 1500.00, 980.00, 420.00),
	(8, 2, 4, 2, '2025-10-08', '21:00', '2025-10-09', '09:00', 'scheduled', 1520.00, 990.00, 430.00),
	(9, 3, 5, 3, '2025-10-09', '06:00', '2025-10-09', '08:30', 'scheduled', 700.00, 450.00, 150.00),
	(10, 3, 5, 3, '2025-10-10', '12:00', '2025-10-10', '14:30', 'scheduled', 720.00, 460.00, 160.00),
	(11, 3, 6, 4, '2025-10-10', '16:00', '2025-10-10', '19:00', 'scheduled', 850.00, 540.00, 200.00),
	(12, 3, 6, 4, '2025-10-11', '07:00', '2025-10-11', '10:00', 'scheduled', 870.00, 550.00, 210.00),
	(13, 4, 7, 5, '2025-10-11', '08:30', '2025-10-11', '10:30', 'scheduled', 250.00, 150.00, 80.00),
	(14, 4, 7, 5, '2025-10-12', '14:00', '2025-10-12', '16:00', 'scheduled', 260.00, 155.00, 85.00),
	(15, 4, 8, 6, '2025-10-13', '21:00', '2025-10-14', '07:00', 'scheduled', 900.00, 600.00, 300.00),
	(16, 4, 8, 6, '2025-10-14', '22:00', '2025-10-15', '08:00', 'scheduled', 920.00, 620.00, 320.00),
	(17, 5, 9, 7, '2025-10-15', '09:00', '2025-10-15', '10:00', 'scheduled', 240.00, 140.00, 70.00),
	(18, 5, 9, 7, '2025-10-16', '17:00', '2025-10-16', '18:00', 'scheduled', 245.00, 145.00, 72.00),
	(19, 5, 10, 8, '2025-10-17', '12:00', '2025-10-18', '08:00', 'scheduled', 1400.00, 900.00, 450.00),
	(20, 5, 10, 8, '2025-10-18', '23:00', '2025-10-19', '19:00', 'scheduled', 1420.00, 920.00, 470.00),
	(21, 6, 11, 9, '2025-10-19', '06:00', '2025-10-19', '08:00', 'scheduled', 200.00, 120.00, 60.00),
	(22, 6, 11, 9, '2025-10-20', '15:00', '2025-10-20', '17:00', 'scheduled', 210.00, 125.00, 65.00),
	(23, 6, 12, 10, '2025-10-21', '10:00', '2025-10-22', '06:00', 'scheduled', 1300.00, 850.00, 400.00),
	(24, 6, 12, 10, '2025-10-22', '22:00', '2025-10-23', '18:00', 'scheduled', 1320.00, 870.00, 420.00),
	(25, 7, 13, 3, '2025-10-23', '08:00', '2025-10-23', '14:00', 'scheduled', 600.00, 380.00, 160.00),
	(26, 7, 13, 3, '2025-10-24', '20:00', '2025-10-25', '02:00', 'scheduled', 620.00, 400.00, 170.00),
	(27, 7, 14, 4, '2025-10-25', '22:00', '2025-10-26', '12:00', 'scheduled', 1400.00, 900.00, 450.00),
	(28, 7, 14, 4, '2025-10-26', '09:00', '2025-10-26', '21:00', 'scheduled', 1420.00, 920.00, 470.00),
	(29, 8, 15, 5, '2025-10-26', '11:00', '2025-10-26', '17:00', 'scheduled', 800.00, 500.00, 220.00),
	(30, 8, 15, 5, '2025-10-27', '23:00', '2025-10-28', '05:00', 'scheduled', 820.00, 520.00, 230.00),
	(31, 8, 16, 6, '2025-10-28', '10:00', '2025-10-28', '20:00', 'scheduled', 1300.00, 850.00, 420.00),
	(32, 8, 16, 6, '2025-10-29', '19:00', '2025-10-30', '05:00', 'scheduled', 1320.00, 870.00, 440.00),
	(33, 9, 17, 7, '2025-10-30', '07:00', '2025-10-30', '17:00', 'scheduled', 900.00, 560.00, 240.00),
	(34, 9, 17, 7, '2025-10-31', '18:00', '2025-11-01', '04:00', 'scheduled', 920.00, 580.00, 260.00),
	(35, 9, 18, 8, '2025-11-01', '21:00', '2025-11-02', '07:00', 'scheduled', 1200.00, 750.00, 350.00),
	(36, 9, 18, 8, '2025-11-02', '23:00', '2025-11-03', '09:00', 'scheduled', 1220.00, 760.00, 360.00),
	(37, 10, 19, 9, '2025-11-03', '06:00', '2025-11-03', '12:00', 'scheduled', 700.00, 420.00, 180.00),
	(38, 10, 19, 9, '2025-11-04', '16:00', '2025-11-04', '22:00', 'scheduled', 720.00, 440.00, 190.00),
	(39, 10, 20, 10, '2025-11-05', '09:00', '2025-11-05', '19:00', 'scheduled', 1500.00, 980.00, 420.00),
	(40, 10, 20, 10, '2025-11-06', '21:00', '2025-11-07', '07:00', 'scheduled', 1520.00, 1000.00, 440.00);

-- Dumping structure for table amadeus.passengers
CREATE TABLE IF NOT EXISTS `passengers` (
  `id` int NOT NULL AUTO_INCREMENT,
  `name` varchar(250) CHARACTER SET utf8mb4 COLLATE utf8mb4_0900_ai_ci DEFAULT '0',
  `email` varchar(250) CHARACTER SET utf8mb4 COLLATE utf8mb4_0900_ai_ci DEFAULT '0',
  `phone` varchar(20) CHARACTER SET utf8mb4 COLLATE utf8mb4_0900_ai_ci DEFAULT '0',
  PRIMARY KEY (`id`)
) ENGINE=InnoDB AUTO_INCREMENT=22 DEFAULT CHARSET=utf8mb4 COLLATE=utf8mb4_0900_ai_ci;

-- Dumping data for table amadeus.passengers: ~0 rows (approximately)
INSERT INTO `passengers` (`id`, `name`, `email`, `phone`) VALUES
	(1, 'Shimi Uzziel Jallores', 'shimijallores35@gmail.com', '09561434976'),
	(4, 'Estephanie Anne De Torres', 'estephanieanne35@gmail.com', '09561434976'),
	(11, 'Lourdes Jallores', 'lourdes@gmail.com', '09561434976');

-- Dumping structure for table amadeus.seats
CREATE TABLE IF NOT EXISTS `seats` (
  `id` int NOT NULL AUTO_INCREMENT,
  `flight_schedule_id` int NOT NULL,
  `aircraft_id` int DEFAULT NULL,
  `ticket_id` int DEFAULT NULL,
  `seat_no` varchar(10) NOT NULL,
  `row` int DEFAULT NULL,
  `column` int DEFAULT NULL,
  `class` enum('F','C','Y') NOT NULL,
  `status` enum('available','occupied','blocked') NOT NULL DEFAULT 'available',
  PRIMARY KEY (`id`),
  KEY `FK_seats_schedule` (`flight_schedule_id`),
  KEY `FK_seats_aircraft` (`aircraft_id`),
  CONSTRAINT `FK_seats_aircraft` FOREIGN KEY (`aircraft_id`) REFERENCES `aircraft` (`id`),
  CONSTRAINT `FK_seats_schedule` FOREIGN KEY (`flight_schedule_id`) REFERENCES `flight_schedules` (`id`) ON DELETE CASCADE
) ENGINE=InnoDB AUTO_INCREMENT=441 DEFAULT CHARSET=utf8mb4 COLLATE=utf8mb4_0900_ai_ci;

-- Dumping data for table amadeus.seats: ~0 rows (approximately)
INSERT INTO `seats` (`id`, `flight_schedule_id`, `aircraft_id`, `ticket_id`, `seat_no`, `row`, `column`, `class`, `status`) VALUES
	(1, 1, 1, NULL, 'F1', 1, 1, 'F', 'occupied'),
	(2, 1, 1, NULL, 'F2', 1, 6, 'F', 'available'),
	(3, 1, 1, NULL, 'F3', 2, 1, 'F', 'available'),
	(4, 1, 1, NULL, 'F4', 2, 6, 'F', 'available'),
	(5, 1, 1, NULL, 'F5', 3, 1, 'F', 'available'),
	(6, 1, 1, NULL, 'F6', 3, 6, 'F', 'available'),
	(7, 1, 1, NULL, 'F7', 4, 1, 'F', 'available'),
	(8, 1, 1, NULL, 'F8', 4, 6, 'F', 'available'),
	(9, 1, 1, NULL, 'F9', 5, 1, 'F', 'available'),
	(10, 1, 1, NULL, 'F10', 5, 6, 'F', 'available'),
	(11, 1, 1, NULL, 'C1', 6, 1, 'C', 'available'),
	(12, 1, 1, NULL, 'C2', 6, 2, 'C', 'available'),
	(13, 1, 1, NULL, 'C3', 6, 5, 'C', 'available'),
	(14, 1, 1, NULL, 'C4', 6, 6, 'C', 'available'),
	(15, 1, 1, NULL, 'C5', 7, 1, 'C', 'available'),
	(16, 1, 1, NULL, 'C6', 7, 2, 'C', 'available'),
	(17, 1, 1, NULL, 'C7', 7, 5, 'C', 'available'),
	(18, 1, 1, NULL, 'C8', 7, 6, 'C', 'available'),
	(19, 1, 1, NULL, 'C9', 8, 1, 'C', 'available'),
	(20, 1, 1, NULL, 'C10', 8, 2, 'C', 'available'),
	(21, 1, 1, NULL, 'C11', 8, 5, 'C', 'available'),
	(22, 1, 1, NULL, 'C12', 8, 6, 'C', 'available'),
	(23, 1, 1, NULL, 'C13', 9, 1, 'C', 'available'),
	(24, 1, 1, NULL, 'C14', 9, 2, 'C', 'available'),
	(25, 1, 1, NULL, 'C15', 9, 5, 'C', 'available'),
	(26, 1, 1, NULL, 'C16', 9, 6, 'C', 'available'),
	(27, 1, 1, NULL, 'C17', 10, 1, 'C', 'available'),
	(28, 1, 1, NULL, 'C18', 10, 2, 'C', 'available'),
	(29, 1, 1, NULL, 'C19', 10, 5, 'C', 'available'),
	(30, 1, 1, NULL, 'C20', 10, 6, 'C', 'available'),
	(31, 1, 1, NULL, 'Y1', 11, 1, 'Y', 'available'),
	(32, 1, 1, NULL, 'Y2', 11, 2, 'Y', 'available'),
	(33, 1, 1, NULL, 'Y3', 11, 3, 'Y', 'available'),
	(34, 1, 1, NULL, 'Y4', 11, 4, 'Y', 'available'),
	(35, 1, 1, NULL, 'Y5', 11, 5, 'Y', 'available'),
	(36, 1, 1, NULL, 'Y6', 11, 6, 'Y', 'available'),
	(37, 1, 1, NULL, 'Y7', 12, 1, 'Y', 'available'),
	(38, 1, 1, NULL, 'Y8', 12, 2, 'Y', 'available'),
	(39, 1, 1, NULL, 'Y9', 12, 3, 'Y', 'available'),
	(40, 1, 1, NULL, 'Y10', 12, 4, 'Y', 'available'),
	(41, 1, 1, NULL, 'Y11', 12, 5, 'Y', 'available'),
	(42, 1, 1, NULL, 'Y12', 12, 6, 'Y', 'available'),
	(43, 1, 1, NULL, 'Y13', 13, 1, 'Y', 'available'),
	(44, 1, 1, NULL, 'Y14', 13, 2, 'Y', 'available'),
	(45, 1, 1, NULL, 'Y15', 13, 3, 'Y', 'available'),
	(46, 1, 1, NULL, 'Y16', 13, 4, 'Y', 'available'),
	(47, 1, 1, NULL, 'Y17', 13, 5, 'Y', 'available'),
	(48, 1, 1, NULL, 'Y18', 13, 6, 'Y', 'available'),
	(49, 1, 1, NULL, 'Y19', 14, 1, 'Y', 'available'),
	(50, 1, 1, NULL, 'Y20', 14, 2, 'Y', 'available'),
	(51, 1, 1, NULL, 'Y21', 14, 3, 'Y', 'available'),
	(52, 1, 1, NULL, 'Y22', 14, 4, 'Y', 'available'),
	(53, 1, 1, NULL, 'Y23', 14, 5, 'Y', 'available'),
	(54, 1, 1, NULL, 'Y24', 14, 6, 'Y', 'available'),
	(55, 1, 1, NULL, 'Y25', 15, 1, 'Y', 'available'),
	(56, 1, 1, NULL, 'Y26', 15, 2, 'Y', 'available'),
	(57, 1, 1, NULL, 'Y27', 15, 3, 'Y', 'available'),
	(58, 1, 1, NULL, 'Y28', 15, 4, 'Y', 'available'),
	(59, 1, 1, NULL, 'Y29', 15, 5, 'Y', 'available'),
	(60, 1, 1, NULL, 'Y30', 15, 6, 'Y', 'available'),
	(61, 1, 1, NULL, 'Y31', 16, 1, 'Y', 'available'),
	(62, 1, 1, NULL, 'Y32', 16, 2, 'Y', 'available'),
	(63, 1, 1, NULL, 'Y33', 16, 3, 'Y', 'available'),
	(64, 1, 1, NULL, 'Y34', 16, 4, 'Y', 'available'),
	(65, 1, 1, NULL, 'Y35', 16, 5, 'Y', 'available'),
	(66, 1, 1, NULL, 'Y36', 16, 6, 'Y', 'available'),
	(67, 1, 1, NULL, 'Y37', 17, 1, 'Y', 'available'),
	(68, 1, 1, NULL, 'Y38', 17, 2, 'Y', 'available'),
	(69, 1, 1, NULL, 'Y39', 17, 3, 'Y', 'available'),
	(70, 1, 1, NULL, 'Y40', 17, 4, 'Y', 'available'),
	(71, 1, 1, NULL, 'Y41', 17, 5, 'Y', 'available'),
	(72, 1, 1, NULL, 'Y42', 17, 6, 'Y', 'available'),
	(73, 1, 1, NULL, 'Y43', 18, 1, 'Y', 'available'),
	(74, 1, 1, NULL, 'Y44', 18, 2, 'Y', 'available'),
	(75, 1, 1, NULL, 'Y45', 18, 3, 'Y', 'available'),
	(76, 1, 1, NULL, 'Y46', 18, 4, 'Y', 'available'),
	(77, 1, 1, NULL, 'Y47', 18, 5, 'Y', 'available'),
	(78, 1, 1, NULL, 'Y48', 18, 6, 'Y', 'available'),
	(79, 1, 1, NULL, 'Y49', 19, 1, 'Y', 'available'),
	(80, 1, 1, NULL, 'Y50', 19, 2, 'Y', 'available'),
	(81, 1, 1, NULL, 'Y51', 19, 3, 'Y', 'available'),
	(82, 1, 1, NULL, 'Y52', 19, 4, 'Y', 'available'),
	(83, 1, 1, NULL, 'Y53', 19, 5, 'Y', 'available'),
	(84, 1, 1, NULL, 'Y54', 19, 6, 'Y', 'available'),
	(85, 1, 1, NULL, 'Y55', 20, 1, 'Y', 'available'),
	(86, 1, 1, NULL, 'Y56', 20, 2, 'Y', 'available'),
	(87, 1, 1, NULL, 'Y57', 20, 3, 'Y', 'available'),
	(88, 1, 1, NULL, 'Y58', 20, 4, 'Y', 'available'),
	(89, 1, 1, NULL, 'Y59', 20, 5, 'Y', 'available'),
	(90, 1, 1, NULL, 'Y60', 20, 6, 'Y', 'available'),
	(91, 1, 1, NULL, 'Y61', 21, 1, 'Y', 'available'),
	(92, 1, 1, NULL, 'Y62', 21, 2, 'Y', 'available'),
	(93, 1, 1, NULL, 'Y63', 21, 3, 'Y', 'available'),
	(94, 1, 1, NULL, 'Y64', 21, 4, 'Y', 'available'),
	(95, 1, 1, NULL, 'Y65', 21, 5, 'Y', 'available'),
	(96, 1, 1, NULL, 'Y66', 21, 6, 'Y', 'available'),
	(97, 1, 1, NULL, 'Y67', 22, 1, 'Y', 'available'),
	(98, 1, 1, NULL, 'Y68', 22, 2, 'Y', 'available'),
	(99, 1, 1, NULL, 'Y69', 22, 3, 'Y', 'available'),
	(100, 1, 1, NULL, 'Y70', 22, 4, 'Y', 'available'),
	(101, 1, 1, NULL, 'Y71', 22, 5, 'Y', 'available'),
	(102, 1, 1, NULL, 'Y72', 22, 6, 'Y', 'available'),
	(103, 1, 1, NULL, 'Y73', 23, 1, 'Y', 'available'),
	(104, 1, 1, NULL, 'Y74', 23, 2, 'Y', 'available'),
	(105, 1, 1, NULL, 'Y75', 23, 3, 'Y', 'available'),
	(106, 1, 1, NULL, 'Y76', 23, 4, 'Y', 'available'),
	(107, 1, 1, NULL, 'Y77', 23, 5, 'Y', 'available'),
	(108, 1, 1, NULL, 'Y78', 23, 6, 'Y', 'available'),
	(109, 1, 1, NULL, 'Y79', 24, 1, 'Y', 'available'),
	(110, 1, 1, NULL, 'Y80', 24, 2, 'Y', 'available'),
	(111, 2, 1, NULL, 'F1', 1, 1, 'F', 'available'),
	(112, 2, 1, NULL, 'F2', 1, 6, 'F', 'available'),
	(113, 2, 1, NULL, 'F3', 2, 1, 'F', 'occupied'),
	(114, 2, 1, NULL, 'F4', 2, 6, 'F', 'available'),
	(115, 2, 1, NULL, 'F5', 3, 1, 'F', 'available'),
	(116, 2, 1, NULL, 'F6', 3, 6, 'F', 'available'),
	(117, 2, 1, NULL, 'F7', 4, 1, 'F', 'available'),
	(118, 2, 1, NULL, 'F8', 4, 6, 'F', 'available'),
	(119, 2, 1, NULL, 'F9', 5, 1, 'F', 'available'),
	(120, 2, 1, NULL, 'F10', 5, 6, 'F', 'available'),
	(121, 2, 1, NULL, 'C1', 6, 1, 'C', 'available'),
	(122, 2, 1, NULL, 'C2', 6, 2, 'C', 'available'),
	(123, 2, 1, NULL, 'C3', 6, 5, 'C', 'available'),
	(124, 2, 1, NULL, 'C4', 6, 6, 'C', 'available'),
	(125, 2, 1, NULL, 'C5', 7, 1, 'C', 'available'),
	(126, 2, 1, NULL, 'C6', 7, 2, 'C', 'available'),
	(127, 2, 1, NULL, 'C7', 7, 5, 'C', 'available'),
	(128, 2, 1, NULL, 'C8', 7, 6, 'C', 'available'),
	(129, 2, 1, NULL, 'C9', 8, 1, 'C', 'available'),
	(130, 2, 1, NULL, 'C10', 8, 2, 'C', 'available'),
	(131, 2, 1, NULL, 'C11', 8, 5, 'C', 'available'),
	(132, 2, 1, NULL, 'C12', 8, 6, 'C', 'available'),
	(133, 2, 1, NULL, 'C13', 9, 1, 'C', 'available'),
	(134, 2, 1, NULL, 'C14', 9, 2, 'C', 'available'),
	(135, 2, 1, NULL, 'C15', 9, 5, 'C', 'available'),
	(136, 2, 1, NULL, 'C16', 9, 6, 'C', 'available'),
	(137, 2, 1, NULL, 'C17', 10, 1, 'C', 'available'),
	(138, 2, 1, NULL, 'C18', 10, 2, 'C', 'available'),
	(139, 2, 1, NULL, 'C19', 10, 5, 'C', 'available'),
	(140, 2, 1, NULL, 'C20', 10, 6, 'C', 'available'),
	(141, 2, 1, NULL, 'Y1', 11, 1, 'Y', 'available'),
	(142, 2, 1, NULL, 'Y2', 11, 2, 'Y', 'available'),
	(143, 2, 1, NULL, 'Y3', 11, 3, 'Y', 'available'),
	(144, 2, 1, NULL, 'Y4', 11, 4, 'Y', 'available'),
	(145, 2, 1, NULL, 'Y5', 11, 5, 'Y', 'available'),
	(146, 2, 1, NULL, 'Y6', 11, 6, 'Y', 'available'),
	(147, 2, 1, NULL, 'Y7', 12, 1, 'Y', 'available'),
	(148, 2, 1, NULL, 'Y8', 12, 2, 'Y', 'available'),
	(149, 2, 1, NULL, 'Y9', 12, 3, 'Y', 'available'),
	(150, 2, 1, NULL, 'Y10', 12, 4, 'Y', 'available'),
	(151, 2, 1, NULL, 'Y11', 12, 5, 'Y', 'available'),
	(152, 2, 1, NULL, 'Y12', 12, 6, 'Y', 'available'),
	(153, 2, 1, NULL, 'Y13', 13, 1, 'Y', 'available'),
	(154, 2, 1, NULL, 'Y14', 13, 2, 'Y', 'available'),
	(155, 2, 1, NULL, 'Y15', 13, 3, 'Y', 'available'),
	(156, 2, 1, NULL, 'Y16', 13, 4, 'Y', 'available'),
	(157, 2, 1, NULL, 'Y17', 13, 5, 'Y', 'available'),
	(158, 2, 1, NULL, 'Y18', 13, 6, 'Y', 'available'),
	(159, 2, 1, NULL, 'Y19', 14, 1, 'Y', 'available'),
	(160, 2, 1, NULL, 'Y20', 14, 2, 'Y', 'available'),
	(161, 2, 1, NULL, 'Y21', 14, 3, 'Y', 'available'),
	(162, 2, 1, NULL, 'Y22', 14, 4, 'Y', 'available'),
	(163, 2, 1, NULL, 'Y23', 14, 5, 'Y', 'available'),
	(164, 2, 1, NULL, 'Y24', 14, 6, 'Y', 'available'),
	(165, 2, 1, NULL, 'Y25', 15, 1, 'Y', 'available'),
	(166, 2, 1, NULL, 'Y26', 15, 2, 'Y', 'available'),
	(167, 2, 1, NULL, 'Y27', 15, 3, 'Y', 'available'),
	(168, 2, 1, NULL, 'Y28', 15, 4, 'Y', 'available'),
	(169, 2, 1, NULL, 'Y29', 15, 5, 'Y', 'available'),
	(170, 2, 1, NULL, 'Y30', 15, 6, 'Y', 'available'),
	(171, 2, 1, NULL, 'Y31', 16, 1, 'Y', 'available'),
	(172, 2, 1, NULL, 'Y32', 16, 2, 'Y', 'available'),
	(173, 2, 1, NULL, 'Y33', 16, 3, 'Y', 'available'),
	(174, 2, 1, NULL, 'Y34', 16, 4, 'Y', 'available'),
	(175, 2, 1, NULL, 'Y35', 16, 5, 'Y', 'available'),
	(176, 2, 1, NULL, 'Y36', 16, 6, 'Y', 'available'),
	(177, 2, 1, NULL, 'Y37', 17, 1, 'Y', 'available'),
	(178, 2, 1, NULL, 'Y38', 17, 2, 'Y', 'available'),
	(179, 2, 1, NULL, 'Y39', 17, 3, 'Y', 'available'),
	(180, 2, 1, NULL, 'Y40', 17, 4, 'Y', 'available'),
	(181, 2, 1, NULL, 'Y41', 17, 5, 'Y', 'available'),
	(182, 2, 1, NULL, 'Y42', 17, 6, 'Y', 'available'),
	(183, 2, 1, NULL, 'Y43', 18, 1, 'Y', 'available'),
	(184, 2, 1, NULL, 'Y44', 18, 2, 'Y', 'available'),
	(185, 2, 1, NULL, 'Y45', 18, 3, 'Y', 'available'),
	(186, 2, 1, NULL, 'Y46', 18, 4, 'Y', 'available'),
	(187, 2, 1, NULL, 'Y47', 18, 5, 'Y', 'available'),
	(188, 2, 1, NULL, 'Y48', 18, 6, 'Y', 'available'),
	(189, 2, 1, NULL, 'Y49', 19, 1, 'Y', 'available'),
	(190, 2, 1, NULL, 'Y50', 19, 2, 'Y', 'available'),
	(191, 2, 1, NULL, 'Y51', 19, 3, 'Y', 'available'),
	(192, 2, 1, NULL, 'Y52', 19, 4, 'Y', 'available'),
	(193, 2, 1, NULL, 'Y53', 19, 5, 'Y', 'available'),
	(194, 2, 1, NULL, 'Y54', 19, 6, 'Y', 'available'),
	(195, 2, 1, NULL, 'Y55', 20, 1, 'Y', 'available'),
	(196, 2, 1, NULL, 'Y56', 20, 2, 'Y', 'available'),
	(197, 2, 1, NULL, 'Y57', 20, 3, 'Y', 'available'),
	(198, 2, 1, NULL, 'Y58', 20, 4, 'Y', 'available'),
	(199, 2, 1, NULL, 'Y59', 20, 5, 'Y', 'available'),
	(200, 2, 1, NULL, 'Y60', 20, 6, 'Y', 'available'),
	(201, 2, 1, NULL, 'Y61', 21, 1, 'Y', 'available'),
	(202, 2, 1, NULL, 'Y62', 21, 2, 'Y', 'available'),
	(203, 2, 1, NULL, 'Y63', 21, 3, 'Y', 'available'),
	(204, 2, 1, NULL, 'Y64', 21, 4, 'Y', 'available'),
	(205, 2, 1, NULL, 'Y65', 21, 5, 'Y', 'available'),
	(206, 2, 1, NULL, 'Y66', 21, 6, 'Y', 'available'),
	(207, 2, 1, NULL, 'Y67', 22, 1, 'Y', 'available'),
	(208, 2, 1, NULL, 'Y68', 22, 2, 'Y', 'available'),
	(209, 2, 1, NULL, 'Y69', 22, 3, 'Y', 'available'),
	(210, 2, 1, NULL, 'Y70', 22, 4, 'Y', 'available'),
	(211, 2, 1, NULL, 'Y71', 22, 5, 'Y', 'available'),
	(212, 2, 1, NULL, 'Y72', 22, 6, 'Y', 'available'),
	(213, 2, 1, NULL, 'Y73', 23, 1, 'Y', 'available'),
	(214, 2, 1, NULL, 'Y74', 23, 2, 'Y', 'available'),
	(215, 2, 1, NULL, 'Y75', 23, 3, 'Y', 'available'),
	(216, 2, 1, NULL, 'Y76', 23, 4, 'Y', 'available'),
	(217, 2, 1, NULL, 'Y77', 23, 5, 'Y', 'available'),
	(218, 2, 1, NULL, 'Y78', 23, 6, 'Y', 'available'),
	(219, 2, 1, NULL, 'Y79', 24, 1, 'Y', 'available'),
	(220, 2, 1, NULL, 'Y80', 24, 2, 'Y', 'available'),
	(221, 3, 2, NULL, 'F1', 1, 1, 'F', 'available'),
	(222, 3, 2, NULL, 'F2', 1, 6, 'F', 'available'),
	(223, 3, 2, NULL, 'F3', 2, 1, 'F', 'available'),
	(224, 3, 2, NULL, 'F4', 2, 6, 'F', 'available'),
	(225, 3, 2, NULL, 'F5', 3, 1, 'F', 'available'),
	(226, 3, 2, NULL, 'F6', 3, 6, 'F', 'available'),
	(227, 3, 2, NULL, 'F7', 4, 1, 'F', 'available'),
	(228, 3, 2, NULL, 'F8', 4, 6, 'F', 'available'),
	(229, 3, 2, NULL, 'F9', 5, 1, 'F', 'available'),
	(230, 3, 2, NULL, 'F10', 5, 6, 'F', 'available'),
	(231, 3, 2, NULL, 'C1', 6, 1, 'C', 'available'),
	(232, 3, 2, NULL, 'C2', 6, 2, 'C', 'available'),
	(233, 3, 2, NULL, 'C3', 6, 5, 'C', 'available'),
	(234, 3, 2, NULL, 'C4', 6, 6, 'C', 'available'),
	(235, 3, 2, NULL, 'C5', 7, 1, 'C', 'available'),
	(236, 3, 2, NULL, 'C6', 7, 2, 'C', 'available'),
	(237, 3, 2, NULL, 'C7', 7, 5, 'C', 'available'),
	(238, 3, 2, NULL, 'C8', 7, 6, 'C', 'available'),
	(239, 3, 2, NULL, 'C9', 8, 1, 'C', 'available'),
	(240, 3, 2, NULL, 'C10', 8, 2, 'C', 'available'),
	(241, 3, 2, NULL, 'C11', 8, 5, 'C', 'available'),
	(242, 3, 2, NULL, 'C12', 8, 6, 'C', 'available'),
	(243, 3, 2, NULL, 'C13', 9, 1, 'C', 'available'),
	(244, 3, 2, NULL, 'C14', 9, 2, 'C', 'available'),
	(245, 3, 2, NULL, 'C15', 9, 5, 'C', 'available'),
	(246, 3, 2, NULL, 'C16', 9, 6, 'C', 'available'),
	(247, 3, 2, NULL, 'C17', 10, 1, 'C', 'available'),
	(248, 3, 2, NULL, 'C18', 10, 2, 'C', 'occupied'),
	(249, 3, 2, NULL, 'C19', 10, 5, 'C', 'available'),
	(250, 3, 2, NULL, 'C20', 10, 6, 'C', 'available'),
	(251, 3, 2, NULL, 'Y1', 11, 1, 'Y', 'available'),
	(252, 3, 2, NULL, 'Y2', 11, 2, 'Y', 'available'),
	(253, 3, 2, NULL, 'Y3', 11, 3, 'Y', 'available'),
	(254, 3, 2, NULL, 'Y4', 11, 4, 'Y', 'available'),
	(255, 3, 2, NULL, 'Y5', 11, 5, 'Y', 'available'),
	(256, 3, 2, NULL, 'Y6', 11, 6, 'Y', 'available'),
	(257, 3, 2, NULL, 'Y7', 12, 1, 'Y', 'available'),
	(258, 3, 2, NULL, 'Y8', 12, 2, 'Y', 'available'),
	(259, 3, 2, NULL, 'Y9', 12, 3, 'Y', 'available'),
	(260, 3, 2, NULL, 'Y10', 12, 4, 'Y', 'available'),
	(261, 3, 2, NULL, 'Y11', 12, 5, 'Y', 'available'),
	(262, 3, 2, NULL, 'Y12', 12, 6, 'Y', 'available'),
	(263, 3, 2, NULL, 'Y13', 13, 1, 'Y', 'available'),
	(264, 3, 2, NULL, 'Y14', 13, 2, 'Y', 'available'),
	(265, 3, 2, NULL, 'Y15', 13, 3, 'Y', 'available'),
	(266, 3, 2, NULL, 'Y16', 13, 4, 'Y', 'available'),
	(267, 3, 2, NULL, 'Y17', 13, 5, 'Y', 'available'),
	(268, 3, 2, NULL, 'Y18', 13, 6, 'Y', 'available'),
	(269, 3, 2, NULL, 'Y19', 14, 1, 'Y', 'available'),
	(270, 3, 2, NULL, 'Y20', 14, 2, 'Y', 'available'),
	(271, 3, 2, NULL, 'Y21', 14, 3, 'Y', 'available'),
	(272, 3, 2, NULL, 'Y22', 14, 4, 'Y', 'available'),
	(273, 3, 2, NULL, 'Y23', 14, 5, 'Y', 'available'),
	(274, 3, 2, NULL, 'Y24', 14, 6, 'Y', 'available'),
	(275, 3, 2, NULL, 'Y25', 15, 1, 'Y', 'available'),
	(276, 3, 2, NULL, 'Y26', 15, 2, 'Y', 'available'),
	(277, 3, 2, NULL, 'Y27', 15, 3, 'Y', 'available'),
	(278, 3, 2, NULL, 'Y28', 15, 4, 'Y', 'available'),
	(279, 3, 2, NULL, 'Y29', 15, 5, 'Y', 'available'),
	(280, 3, 2, NULL, 'Y30', 15, 6, 'Y', 'available'),
	(281, 3, 2, NULL, 'Y31', 16, 1, 'Y', 'available'),
	(282, 3, 2, NULL, 'Y32', 16, 2, 'Y', 'available'),
	(283, 3, 2, NULL, 'Y33', 16, 3, 'Y', 'available'),
	(284, 3, 2, NULL, 'Y34', 16, 4, 'Y', 'available'),
	(285, 3, 2, NULL, 'Y35', 16, 5, 'Y', 'available'),
	(286, 3, 2, NULL, 'Y36', 16, 6, 'Y', 'available'),
	(287, 3, 2, NULL, 'Y37', 17, 1, 'Y', 'available'),
	(288, 3, 2, NULL, 'Y38', 17, 2, 'Y', 'available'),
	(289, 3, 2, NULL, 'Y39', 17, 3, 'Y', 'available'),
	(290, 3, 2, NULL, 'Y40', 17, 4, 'Y', 'available'),
	(291, 3, 2, NULL, 'Y41', 17, 5, 'Y', 'available'),
	(292, 3, 2, NULL, 'Y42', 17, 6, 'Y', 'available'),
	(293, 3, 2, NULL, 'Y43', 18, 1, 'Y', 'available'),
	(294, 3, 2, NULL, 'Y44', 18, 2, 'Y', 'available'),
	(295, 3, 2, NULL, 'Y45', 18, 3, 'Y', 'available'),
	(296, 3, 2, NULL, 'Y46', 18, 4, 'Y', 'available'),
	(297, 3, 2, NULL, 'Y47', 18, 5, 'Y', 'available'),
	(298, 3, 2, NULL, 'Y48', 18, 6, 'Y', 'available'),
	(299, 3, 2, NULL, 'Y49', 19, 1, 'Y', 'available'),
	(300, 3, 2, NULL, 'Y50', 19, 2, 'Y', 'available'),
	(301, 3, 2, NULL, 'Y51', 19, 3, 'Y', 'available'),
	(302, 3, 2, NULL, 'Y52', 19, 4, 'Y', 'available'),
	(303, 3, 2, NULL, 'Y53', 19, 5, 'Y', 'available'),
	(304, 3, 2, NULL, 'Y54', 19, 6, 'Y', 'available'),
	(305, 3, 2, NULL, 'Y55', 20, 1, 'Y', 'available'),
	(306, 3, 2, NULL, 'Y56', 20, 2, 'Y', 'available'),
	(307, 3, 2, NULL, 'Y57', 20, 3, 'Y', 'available'),
	(308, 3, 2, NULL, 'Y58', 20, 4, 'Y', 'available'),
	(309, 3, 2, NULL, 'Y59', 20, 5, 'Y', 'available'),
	(310, 3, 2, NULL, 'Y60', 20, 6, 'Y', 'available'),
	(311, 3, 2, NULL, 'Y61', 21, 1, 'Y', 'available'),
	(312, 3, 2, NULL, 'Y62', 21, 2, 'Y', 'available'),
	(313, 3, 2, NULL, 'Y63', 21, 3, 'Y', 'available'),
	(314, 3, 2, NULL, 'Y64', 21, 4, 'Y', 'available'),
	(315, 3, 2, NULL, 'Y65', 21, 5, 'Y', 'available'),
	(316, 3, 2, NULL, 'Y66', 21, 6, 'Y', 'available'),
	(317, 3, 2, NULL, 'Y67', 22, 1, 'Y', 'available'),
	(318, 3, 2, NULL, 'Y68', 22, 2, 'Y', 'available'),
	(319, 3, 2, NULL, 'Y69', 22, 3, 'Y', 'available'),
	(320, 3, 2, NULL, 'Y70', 22, 4, 'Y', 'available'),
	(321, 3, 2, NULL, 'Y71', 22, 5, 'Y', 'available'),
	(322, 3, 2, NULL, 'Y72', 22, 6, 'Y', 'available'),
	(323, 3, 2, NULL, 'Y73', 23, 1, 'Y', 'available'),
	(324, 3, 2, NULL, 'Y74', 23, 2, 'Y', 'available'),
	(325, 3, 2, NULL, 'Y75', 23, 3, 'Y', 'available'),
	(326, 3, 2, NULL, 'Y76', 23, 4, 'Y', 'available'),
	(327, 3, 2, NULL, 'Y77', 23, 5, 'Y', 'available'),
	(328, 3, 2, NULL, 'Y78', 23, 6, 'Y', 'available'),
	(329, 3, 2, NULL, 'Y79', 24, 1, 'Y', 'available'),
	(330, 3, 2, NULL, 'Y80', 24, 2, 'Y', 'available'),
	(331, 4, 2, NULL, 'F1', 1, 1, 'F', 'available'),
	(332, 4, 2, NULL, 'F2', 1, 6, 'F', 'available'),
	(333, 4, 2, NULL, 'F3', 2, 1, 'F', 'available'),
	(334, 4, 2, NULL, 'F4', 2, 6, 'F', 'available'),
	(335, 4, 2, NULL, 'F5', 3, 1, 'F', 'available'),
	(336, 4, 2, NULL, 'F6', 3, 6, 'F', 'available'),
	(337, 4, 2, NULL, 'F7', 4, 1, 'F', 'available'),
	(338, 4, 2, NULL, 'F8', 4, 6, 'F', 'available'),
	(339, 4, 2, NULL, 'F9', 5, 1, 'F', 'available'),
	(340, 4, 2, NULL, 'F10', 5, 6, 'F', 'available'),
	(341, 4, 2, NULL, 'C1', 6, 1, 'C', 'available'),
	(342, 4, 2, NULL, 'C2', 6, 2, 'C', 'available'),
	(343, 4, 2, NULL, 'C3', 6, 5, 'C', 'available'),
	(344, 4, 2, NULL, 'C4', 6, 6, 'C', 'available'),
	(345, 4, 2, NULL, 'C5', 7, 1, 'C', 'available'),
	(346, 4, 2, NULL, 'C6', 7, 2, 'C', 'available'),
	(347, 4, 2, NULL, 'C7', 7, 5, 'C', 'available'),
	(348, 4, 2, NULL, 'C8', 7, 6, 'C', 'available'),
	(349, 4, 2, NULL, 'C9', 8, 1, 'C', 'available'),
	(350, 4, 2, NULL, 'C10', 8, 2, 'C', 'available'),
	(351, 4, 2, NULL, 'C11', 8, 5, 'C', 'available'),
	(352, 4, 2, NULL, 'C12', 8, 6, 'C', 'available'),
	(353, 4, 2, NULL, 'C13', 9, 1, 'C', 'available'),
	(354, 4, 2, NULL, 'C14', 9, 2, 'C', 'available'),
	(355, 4, 2, NULL, 'C15', 9, 5, 'C', 'available'),
	(356, 4, 2, NULL, 'C16', 9, 6, 'C', 'available'),
	(357, 4, 2, NULL, 'C17', 10, 1, 'C', 'available'),
	(358, 4, 2, NULL, 'C18', 10, 2, 'C', 'available'),
	(359, 4, 2, NULL, 'C19', 10, 5, 'C', 'available'),
	(360, 4, 2, NULL, 'C20', 10, 6, 'C', 'available'),
	(361, 4, 2, NULL, 'Y1', 11, 1, 'Y', 'available'),
	(362, 4, 2, NULL, 'Y2', 11, 2, 'Y', 'available'),
	(363, 4, 2, NULL, 'Y3', 11, 3, 'Y', 'available'),
	(364, 4, 2, NULL, 'Y4', 11, 4, 'Y', 'available'),
	(365, 4, 2, NULL, 'Y5', 11, 5, 'Y', 'available'),
	(366, 4, 2, NULL, 'Y6', 11, 6, 'Y', 'available'),
	(367, 4, 2, NULL, 'Y7', 12, 1, 'Y', 'available'),
	(368, 4, 2, NULL, 'Y8', 12, 2, 'Y', 'available'),
	(369, 4, 2, NULL, 'Y9', 12, 3, 'Y', 'available'),
	(370, 4, 2, NULL, 'Y10', 12, 4, 'Y', 'available'),
	(371, 4, 2, NULL, 'Y11', 12, 5, 'Y', 'available'),
	(372, 4, 2, NULL, 'Y12', 12, 6, 'Y', 'available'),
	(373, 4, 2, NULL, 'Y13', 13, 1, 'Y', 'available'),
	(374, 4, 2, NULL, 'Y14', 13, 2, 'Y', 'available'),
	(375, 4, 2, NULL, 'Y15', 13, 3, 'Y', 'available'),
	(376, 4, 2, NULL, 'Y16', 13, 4, 'Y', 'available'),
	(377, 4, 2, NULL, 'Y17', 13, 5, 'Y', 'available'),
	(378, 4, 2, NULL, 'Y18', 13, 6, 'Y', 'available'),
	(379, 4, 2, NULL, 'Y19', 14, 1, 'Y', 'available'),
	(380, 4, 2, NULL, 'Y20', 14, 2, 'Y', 'available'),
	(381, 4, 2, NULL, 'Y21', 14, 3, 'Y', 'available'),
	(382, 4, 2, NULL, 'Y22', 14, 4, 'Y', 'available'),
	(383, 4, 2, NULL, 'Y23', 14, 5, 'Y', 'available'),
	(384, 4, 2, NULL, 'Y24', 14, 6, 'Y', 'available'),
	(385, 4, 2, NULL, 'Y25', 15, 1, 'Y', 'available'),
	(386, 4, 2, NULL, 'Y26', 15, 2, 'Y', 'available'),
	(387, 4, 2, NULL, 'Y27', 15, 3, 'Y', 'available'),
	(388, 4, 2, NULL, 'Y28', 15, 4, 'Y', 'available'),
	(389, 4, 2, NULL, 'Y29', 15, 5, 'Y', 'available'),
	(390, 4, 2, NULL, 'Y30', 15, 6, 'Y', 'available'),
	(391, 4, 2, NULL, 'Y31', 16, 1, 'Y', 'available'),
	(392, 4, 2, NULL, 'Y32', 16, 2, 'Y', 'available'),
	(393, 4, 2, NULL, 'Y33', 16, 3, 'Y', 'available'),
	(394, 4, 2, NULL, 'Y34', 16, 4, 'Y', 'available'),
	(395, 4, 2, NULL, 'Y35', 16, 5, 'Y', 'available'),
	(396, 4, 2, NULL, 'Y36', 16, 6, 'Y', 'available'),
	(397, 4, 2, NULL, 'Y37', 17, 1, 'Y', 'available'),
	(398, 4, 2, NULL, 'Y38', 17, 2, 'Y', 'available'),
	(399, 4, 2, NULL, 'Y39', 17, 3, 'Y', 'available'),
	(400, 4, 2, NULL, 'Y40', 17, 4, 'Y', 'available'),
	(401, 4, 2, NULL, 'Y41', 17, 5, 'Y', 'available'),
	(402, 4, 2, NULL, 'Y42', 17, 6, 'Y', 'available'),
	(403, 4, 2, NULL, 'Y43', 18, 1, 'Y', 'available'),
	(404, 4, 2, NULL, 'Y44', 18, 2, 'Y', 'available'),
	(405, 4, 2, NULL, 'Y45', 18, 3, 'Y', 'available'),
	(406, 4, 2, NULL, 'Y46', 18, 4, 'Y', 'available'),
	(407, 4, 2, NULL, 'Y47', 18, 5, 'Y', 'available'),
	(408, 4, 2, NULL, 'Y48', 18, 6, 'Y', 'available'),
	(409, 4, 2, NULL, 'Y49', 19, 1, 'Y', 'available'),
	(410, 4, 2, NULL, 'Y50', 19, 2, 'Y', 'available'),
	(411, 4, 2, NULL, 'Y51', 19, 3, 'Y', 'available'),
	(412, 4, 2, NULL, 'Y52', 19, 4, 'Y', 'available'),
	(413, 4, 2, NULL, 'Y53', 19, 5, 'Y', 'available'),
	(414, 4, 2, NULL, 'Y54', 19, 6, 'Y', 'available'),
	(415, 4, 2, NULL, 'Y55', 20, 1, 'Y', 'available'),
	(416, 4, 2, NULL, 'Y56', 20, 2, 'Y', 'available'),
	(417, 4, 2, NULL, 'Y57', 20, 3, 'Y', 'available'),
	(418, 4, 2, NULL, 'Y58', 20, 4, 'Y', 'available'),
	(419, 4, 2, NULL, 'Y59', 20, 5, 'Y', 'available'),
	(420, 4, 2, NULL, 'Y60', 20, 6, 'Y', 'available'),
	(421, 4, 2, NULL, 'Y61', 21, 1, 'Y', 'available'),
	(422, 4, 2, NULL, 'Y62', 21, 2, 'Y', 'available'),
	(423, 4, 2, NULL, 'Y63', 21, 3, 'Y', 'available'),
	(424, 4, 2, NULL, 'Y64', 21, 4, 'Y', 'available'),
	(425, 4, 2, NULL, 'Y65', 21, 5, 'Y', 'available'),
	(426, 4, 2, NULL, 'Y66', 21, 6, 'Y', 'available'),
	(427, 4, 2, NULL, 'Y67', 22, 1, 'Y', 'available'),
	(428, 4, 2, NULL, 'Y68', 22, 2, 'Y', 'available'),
	(429, 4, 2, NULL, 'Y69', 22, 3, 'Y', 'available'),
	(430, 4, 2, NULL, 'Y70', 22, 4, 'Y', 'available'),
	(431, 4, 2, NULL, 'Y71', 22, 5, 'Y', 'available'),
	(432, 4, 2, NULL, 'Y72', 22, 6, 'Y', 'available'),
	(433, 4, 2, NULL, 'Y73', 23, 1, 'Y', 'available'),
	(434, 4, 2, NULL, 'Y74', 23, 2, 'Y', 'available'),
	(435, 4, 2, NULL, 'Y75', 23, 3, 'Y', 'available'),
	(436, 4, 2, NULL, 'Y76', 23, 4, 'Y', 'available'),
	(437, 4, 2, NULL, 'Y77', 23, 5, 'Y', 'available'),
	(438, 4, 2, NULL, 'Y78', 23, 6, 'Y', 'available'),
	(439, 4, 2, NULL, 'Y79', 24, 1, 'Y', 'available'),
	(440, 4, 2, NULL, 'Y80', 24, 2, 'Y', 'available');

-- Dumping structure for table amadeus.users
CREATE TABLE IF NOT EXISTS `users` (
  `id` int NOT NULL AUTO_INCREMENT,
  `username` varchar(50) NOT NULL,
  `password` varchar(250) NOT NULL,
  `role` enum('user','admin','staff') NOT NULL DEFAULT 'user',
  PRIMARY KEY (`id`)
) ENGINE=InnoDB AUTO_INCREMENT=2 DEFAULT CHARSET=utf8mb4 COLLATE=utf8mb4_0900_ai_ci;

-- Dumping data for table amadeus.users: ~1 rows (approximately)
INSERT INTO `users` (`id`, `username`, `password`, `role`) VALUES
	(1, 'admin', '$2y$10$tbmXjM4m.A7qrvJWUgc0EeFnPllxaUKEf7UIPwUdJrkuJb9chQpNK', 'admin');

/*!40103 SET TIME_ZONE=IFNULL(@OLD_TIME_ZONE, 'system') */;
/*!40101 SET SQL_MODE=IFNULL(@OLD_SQL_MODE, '') */;
/*!40014 SET FOREIGN_KEY_CHECKS=IFNULL(@OLD_FOREIGN_KEY_CHECKS, 1) */;
/*!40101 SET CHARACTER_SET_CLIENT=@OLD_CHARACTER_SET_CLIENT */;
/*!40111 SET SQL_NOTES=IFNULL(@OLD_SQL_NOTES, 1) */;
